Category,Name,Date/Time,Length,Link,Location,Type
Contest,"IN4MALS Beginner Track-Preparatory [private, icpc, individual]","October 22, 2021 19:30:00( IST )",1 days 00:00:00,https://lightoj.com/contest/in4prep,"Everywhere, Worldwide",Digital Only
Contest,"ICCS312 - PA2 [private, icpc, individual]","October 19, 2021 17:00:00( IST )",6 days 23:59:00,https://lightoj.com/contest/iccs312-pa2,"Everywhere, Worldwide",Digital Only
Contest,Qualification of Belarus and Baltics Regional Contest 2021 - practice,"October 23, 2021 13:00:00( IST )",0 days 17:55:00,https://acm.bsu.by/contests/160/standings/,"Everywhere, Worldwide",Digital Only
Contest,M*CTF 2021 Quals,"October 23, 2021 11:00:00( IST )",1 days 00:00:00,https://ctftime.org/event/1439/,"Everywhere, Worldwide",Digital Only
Contest,Collegiate SECTF,"October 22, 2021 12:00:00( IST )",2 days 02:16:10,https://ctftime.org/event/1437/,"Everywhere, Worldwide",Digital Only
Contest,ASIS CTF Quals 2021,"October 22, 2021 15:00:00( IST )",2 days 00:00:00,https://ctftime.org/event/1415/,"Everywhere, Worldwide",Digital Only
Contest,BuckeyeCTF 2021,"October 23, 2021 00:00:00( IST )",2 days 00:00:00,https://ctftime.org/event/1434/,"Everywhere, Worldwide",Digital Only
Contest,Angel One Mobile Application Developer Hiring Challenge,"October 08, 2021 12:30:00( IST )",16 days 05:55:00,https://www.hackerearth.com/challenges/hiring/angel-one-mobile-application-developer-hiring-challenge/,"Everywhere, Worldwide",Digital Only
Contest,Angel One Software Engineer Hiring Challenge,"October 08, 2021 12:30:00( IST )",16 days 05:55:00,https://www.hackerearth.com/challenges/hiring/angel-one-software-engineer-hiring-challenge/,"Everywhere, Worldwide",Digital Only
Contest,Dravya AWS Administrator Hiring Challenge,"October 15, 2021 12:30:00( IST )",9 days 05:55:00,https://www.hackerearth.com/challenges/hiring/dravya-aws-administrator-hiring-challenge/,"Everywhere, Worldwide",Digital Only
Contest,Dravya Python and ML/Deep Learning Developer Hiring Challenge,"October 15, 2021 12:30:00( IST )",9 days 05:55:00,https://www.hackerearth.com/challenges/hiring/dravya-python-and-ml-deep-learning-developer-hiring-challenge/,"Everywhere, Worldwide",Digital Only
Contest,Integrated Digital Label Hackathon. Idea phase. Online,"September 15, 2021 18:30:00( IST )",38 days 23:55:00,https://www.hackerearth.com/challenges/hackathon/bayer-hackathon-2/,"Everywhere, Worldwide",Digital Only
Contest,LocoNav Senior Software Engineer Hiring Challenge,"October 15, 2021 12:30:00( IST )",9 days 05:55:00,https://www.hackerearth.com/challenges/hiring/loconav-senior-software-engineer-hiring-challenge/,"Everywhere, Worldwide",Digital Only
Contest,MishiPay Software Engineer Hiring Challenge,"September 17, 2021 12:30:00( IST )",37 days 05:55:00,https://www.hackerearth.com/challenges/hiring/mishipay-software-engineer-hiring-challenge/,"Everywhere, Worldwide",Digital Only
Contest,Navi Software Development Engineer Hiring Challenge,"October 15, 2021 12:30:00( IST )",9 days 05:55:00,https://www.hackerearth.com/challenges/hiring/navi-software-development-engineer-hiring-challenge/,"Everywhere, Worldwide",Digital Only
Contest,SAP Semicolon; Hackathon 5.0. Idea Phase. Online,"September 23, 2021 04:30:00( IST )",31 days 13:55:00,https://www.hackerearth.com/challenges/hackathon/sap-semi-colon-hackathon-50/,"Everywhere, Worldwide",Digital Only
Contest,SRIB Software Developer Hiring Challenge,"October 14, 2021 12:30:00( IST )",10 days 05:55:00,https://www.hackerearth.com/challenges/hiring/srib-software-developer-hiring-challenge/,"Everywhere, Worldwide",Digital Only
Contest,TCS Full Stack Developer Hiring Challenge,"October 01, 2021 12:30:00( IST )",23 days 05:55:00,https://www.hackerearth.com/challenges/hiring/tcs-full-stack-developer-oct-hiring-challenge/,"Everywhere, Worldwide",Digital Only
Contest,TCS Full Stack Developer Hiring Challenge,"October 01, 2021 12:30:00( IST )",23 days 05:55:00,https://www.hackerearth.com/challenges/hiring/tcs-full-stack-developer-hiring-challenge/,"Everywhere, Worldwide",Digital Only
Contest,Tech Mahindra Java Full Stack Software Engineer Hiring Challenge,"October 08, 2021 12:30:00( IST )",16 days 05:55:00,https://www.hackerearth.com/challenges/hiring/tech-mahindra-java-full-stack-software-engineer-hiring-challenge/,"Everywhere, Worldwide",Digital Only
Contest,Juspay Hackathon. Idea Phase. Online,"October 06, 2021 06:30:00( IST )",18 days 11:59:00,https://www.hackerearth.com/challenges/hackathon/juspay/,"Everywhere, Worldwide",Digital Only
Contest,HackerEarth Drive 19th jan,"January 19, 2021 09:30:00( IST )",284 days 00:30:00,https://www.hackerearth.com/challenges/competitive/hackerearth-test-draft-11-46/,"Everywhere, Worldwide",Digital Only
Contest,FLIP Fest. Buildathon. Online,"September 15, 2021 04:00:00( IST )",45 days 23:59:00,https://www.hackerearth.com/challenges/hackathon/flip-fest/,"Everywhere, Worldwide",Digital Only
Contest,Data Story Telling,"October 22, 2021 12:30:00( IST )",9 days 05:55:00,https://www.hackerearth.com/challenges/hiring/data-story-telling/,"Everywhere, Worldwide",Digital Only
Contest,Dravya Full Stack Developer Hiring Challenge,"October 15, 2021 12:30:00( IST )",16 days 05:55:00,https://www.hackerearth.com/challenges/hiring/dravya-full-stack-developer-hiring-challenge/,"Everywhere, Worldwide",Digital Only
Contest,Dravya Mobile Application Developer Hiring Challenge,"October 15, 2021 12:30:00( IST )",16 days 05:55:00,https://www.hackerearth.com/challenges/hiring/dravya-mobile-application-developer-hiring-challenge/,"Everywhere, Worldwide",Digital Only
Contest,FloBiz Android Developer Hiring Challenge,"October 22, 2021 12:30:00( IST )",9 days 05:55:00,https://www.hackerearth.com/challenges/hiring/flobiz-android-developer-hiring-challenge/,"Everywhere, Worldwide",Digital Only
Contest,Omnicell Tech Challenge for Java Developers,"October 15, 2021 12:30:00( IST )",16 days 05:55:00,https://www.hackerearth.com/challenges/hiring/omnicell-tech-challenge-for-java-developers/,"Everywhere, Worldwide",Digital Only
Contest,ZS Ace-a-Thon (Women only Hiring Challenge),"October 23, 2021 03:30:00( IST )",8 days 14:55:00,https://www.hackerearth.com/challenges/hiring/zs-ace-a-thon-women-only-hc/,"Everywhere, Worldwide",Digital Only
Contest,Prasaga Use Case Ideathon. Registration  and Ideation. Online,"August 19, 2021 07:00:00( IST )",73 days 23:59:00,https://www.hackerearth.com/challenges/hackathon/prasaga-use-case-ideathon/,"Everywhere, Worldwide",Digital Only
Contest,Ecothon. Hackathon. Online,"September 17, 2021 16:00:00( IST )",45 days 00:00:00,https://www.hackerearth.com/challenges/hackathon/ecothon/,"Everywhere, Worldwide",Digital Only
Contest,The World After Covid-19. Idea phase. Online,"September 29, 2021 00:00:00( IST )",37 days 23:55:00,https://www.hackerearth.com/challenges/hackathon/kpmgs-fullstack-azure-hiring-challenge/,"Everywhere, Worldwide",Digital Only
Contest,Shell.ai Hackathon,"October 07, 2021 12:30:00( IST )",31 days 05:55:00,https://www.hackerearth.com/challenges/competitive/shell-ai-hackathon-2021/,"Everywhere, Worldwide",Digital Only
Contest,I3 – Innovate – Ideate – Implement. Idea Phase. Online,"September 27, 2021 18:30:00( IST )",40 days 23:59:00,https://www.hackerearth.com/challenges/hackathon/i3-innovate-ideate-implement/,"Everywhere, Worldwide",Digital Only
Contest,Enter the Travel-Verse. Hackathon. Online,"October 01, 2021 04:00:00( IST )",41 days 00:59:00,https://www.hackerearth.com/challenges/hackathon/enter-the-travel-verse/,"Everywhere, Worldwide",Digital Only
Contest,Smart Home - Sensors and Analytics Hackathon. Prototype Development Phase. Online,"October 18, 2021 08:00:00( IST )",25 days 23:59:00,https://www.hackerearth.com/challenges/hackathon/hack-iot/,"Everywhere, Worldwide",Digital Only
Contest,Clevertap Frontend Engineer Hiring Challenge,"October 21, 2021 12:30:00( IST )",24 days 05:55:00,https://www.hackerearth.com/challenges/hiring/clevertap-frontend-engineer-hiring-challenge/,"Everywhere, Worldwide",Digital Only
Contest,IBM Z Student Contest. Contest. Online,"October 15, 2021 04:00:00( IST )",32 days 00:59:00,https://www.hackerearth.com/challenges/hackathon/ibm-z-student-contest-powered-by-ibm-z-xplore/,"Everywhere, Worldwide",Digital Only
Contest,INNOVATE - Algorand Blockchain Hackathon. Idea Phase. Online,"October 10, 2021 18:30:00( IST )",92 days 23:59:00,https://algorand-innovate.hackerearth.com/,"Everywhere, Worldwide",Digital Only
Contest,Augnito Backend Developer Hiring Challenge,"May 21, 2021 12:30:00( IST )",254 days 05:55:00,https://www.hackerearth.com/challenges/hiring/augnito-backend-developer-hiring-challenge/,"Everywhere, Worldwide",Digital Only
Contest,Warwick ICPC training 21 Oct 2021,"October 21, 2021 18:00:00( IST )",3 days 18:00:00,https://www.spoj.com/UW211021/,"Everywhere, Worldwide",Digital Only
Contest,CIS CS Club Weekly Problems,"January 01, 2020 00:00:00( IST )",711 days 00:00:00,https://www.spoj.com/ASCXD/,"Everywhere, Worldwide",Digital Only
Contest,UFTM012021,"August 23, 2021 00:00:00( IST )",130 days 00:00:00,https://www.spoj.com/CWPQLWOS/,"Everywhere, Worldwide",Digital Only
Contest,UFTM-PROG-01-2021,"August 23, 2021 00:00:00( IST )",130 days 00:00:00,https://www.spoj.com/PWEOREEW/,"Everywhere, Worldwide",Digital Only
Contest,EGG Club Contest,"January 01, 2005 00:00:00( IST )",6209 days 00:00:00,https://www.spoj.com/EGGCT/,"Everywhere, Worldwide",Digital Only
Contest,GRUPA P,"January 01, 2005 00:00:00( IST )",6209 days 00:00:00,https://www.spoj.com/GRUPAP/,"Everywhere, Worldwide",Digital Only
Contest,Программчлал,"January 01, 2005 00:00:00( IST )",6209 days 00:00:00,http://www.spoj.com/MJEED/,"Everywhere, Worldwide",Digital Only
Contest,Data Sprint 51 - Predict the image of the species,"October 15, 2021 15:30:00( IST )",10 days 00:00:00,https://dphi.tech/challenges/data-sprint-51-predict-the-image-of-the-species/167/,"Everywhere, Worldwide",Digital Only
Contest,AETA Earthquake Prediction AI Algorithm Competition 2021. Research,"March 31, 2021 18:30:00( IST )",213 days 23:59:59,https://dphi.tech/challenges/aeta-earthquake-prediction-ai-algorithm-competition-2021/70/,"Everywhere, Worldwide",Digital Only
Contest,IIT Bombay Techfest - Tata Communications Datathon,"September 29, 2021 15:26:06( IST )",46 days 03:03:53,https://dphi.tech/challenges/iit-bombay-techfest-tata-communications-datathon/165/,"Everywhere, Worldwide",Digital Only
Contest,Replay of AETA Earthquake Prediction Competition 2020. Research,"April 08, 2021 09:42:00( IST )",236 days 05:48:00,https://dphi.tech/challenges/replay-of-aeta-earthquake-prediction-competition-2020/73/,"Everywhere, Worldwide",Digital Only
Contest,Spooktober,"October 09, 2021 17:00:00( IST )",21 days 00:00:00,https://app.codility.com/programmers/challenges/spooktober_2021/,"Everywhere, Worldwide",Digital Only
Contest,Math problems 6-8 grade,"October 16, 2021 16:27:00( IST )",15 days 02:59:00,https://www.e-olymp.com/en/contests/22121,"Everywhere, Worldwide",Digital Only
Contest,ООП1,"October 13, 2021 05:00:00( IST )",31 days 05:00:00,https://www.e-olymp.com/en/contests/22045,"Everywhere, Worldwide",Digital Only
Contest,ООП2,"October 13, 2021 05:00:00( IST )",31 days 05:00:00,https://www.e-olymp.com/en/contests/22046,"Everywhere, Worldwide",Digital Only
Contest,UCRPC F21 Online Unofficial Mirror,"October 04, 2021 04:00:00( IST )",28 days 00:00:00,https://dmoj.ca/contest/ucrpc21,"Everywhere, Worldwide",Digital Only
Contest,SnackDown Practice Contest: Beginner,"September 04, 2021 02:30:00( IST )",127 days 00:00:00,https://www.codechef.com/SDPCB21,"Everywhere, Worldwide",Digital Only
Contest,DSA Learning Series,"March 29, 2020 18:30:00( IST )",730 days 00:00:00,https://www.codechef.com/LEARNDSA,"Everywhere, Worldwide",Digital Only
Contest,Youtube Practice Problems,"May 26, 2021 15:30:00( IST )",365 days 00:00:00,https://www.codechef.com/YTPP001,"Everywhere, Worldwide",Digital Only
Contest,Weekly Contest 264,"October 24, 2021 02:30:00( IST )",0 days 01:30:00,https://leetcode.com/contest/weekly-contest-264,"Everywhere, Worldwide",Digital Only
Contest,Biweekly Contest 64,"October 30, 2021 14:30:00( IST )",0 days 01:30:00,https://leetcode.com/contest/biweekly-contest-64,"Everywhere, Worldwide",Digital Only
Contest,Problem 769,"October 24, 2021 06:00:00( IST )",0 days 00:00:00,https://projecteuler.net/news,"Everywhere, Worldwide",Digital Only
Contest,Problem 770,"October 31, 2021 10:00:00( IST )",0 days 00:00:00,https://projecteuler.net/news,"Everywhere, Worldwide",Digital Only
Contest,Problem 771,"November 06, 2021 13:00:00( IST )",0 days 00:00:00,https://projecteuler.net/news,"Everywhere, Worldwide",Digital Only
Contest,Problem 772,"November 13, 2021 16:00:00( IST )",0 days 00:00:00,https://projecteuler.net/news,"Everywhere, Worldwide",Digital Only
Contest,Problem 773,"November 20, 2021 19:00:00( IST )",0 days 00:00:00,https://projecteuler.net/news,"Everywhere, Worldwide",Digital Only
Contest,Problem 774,"November 27, 2021 22:00:00( IST )",0 days 00:00:00,https://projecteuler.net/news,"Everywhere, Worldwide",Digital Only
Contest,Программирование - профессионалы (ком. 2021),"October 24, 2021 06:00:00( IST )",0 days 05:00:00,http://dl.gsu.by/LC.jsp?Type=-1&lng=ru,"Everywhere, Worldwide",Digital Only
Contest,Программирование - профессионалы (лич. 2021-2022),"October 29, 2021 05:00:00( IST )",0 days 05:00:00,http://dl.gsu.by/LC.jsp?Type=-1&lng=ru,"Everywhere, Worldwide",Digital Only
Contest,Программирование - профессионалы (ком. 2021),"October 31, 2021 06:00:00( IST )",0 days 05:00:00,http://dl.gsu.by/LC.jsp?Type=-1&lng=ru,"Everywhere, Worldwide",Digital Only
Contest,Программирование - профессионалы (лич. 2021-2022),"November 05, 2021 05:00:00( IST )",0 days 05:00:00,http://dl.gsu.by/LC.jsp?Type=-1&lng=ru,"Everywhere, Worldwide",Digital Only
Contest,Программирование - профессионалы (ком. 2021),"November 07, 2021 06:00:00( IST )",0 days 05:00:00,http://dl.gsu.by/LC.jsp?Type=-1&lng=ru,"Everywhere, Worldwide",Digital Only
Contest,Программирование - профессионалы (лич. 2021-2022),"November 12, 2021 05:00:00( IST )",0 days 05:00:00,http://dl.gsu.by/LC.jsp?Type=-1&lng=ru,"Everywhere, Worldwide",Digital Only
Contest,Гомельская отборочная олимпиада для ВКОШП - 2021,"November 14, 2021 09:00:00( IST )",0 days 05:00:00,http://dl.gsu.by/LC.jsp?Type=-1&lng=ru,"Everywhere, Worldwide",Digital Only
Contest,Программирование - профессионалы (ком. 2021),"November 21, 2021 06:00:00( IST )",0 days 05:00:00,http://dl.gsu.by/LC.jsp?Type=-1&lng=ru,"Everywhere, Worldwide",Digital Only
Contest,Grand Prix of Korea,"October 24, 2021 08:00:00( IST )",0 days 05:00:00,http://opencup.ru/index.cgi?data=ocm/schedule&menu=index&head=index,"Everywhere, Worldwide",Digital Only
Contest,Вторая командная олимпиада,"October 24, 2021 08:00:00( IST )",0 days 05:00:00,https://acmp.ru/asp/champ/index.asp?main=stage_info&id_stage=42149,"Everywhere, Worldwide",Digital Only
Contest,Codeforces Round #750 (Div. 2),"October 24, 2021 10:05:00( IST )",0 days 02:30:00,http://codeforces.com/contests/1582,"Everywhere, Worldwide",Digital Only
Contest,Codeforces Round #751 (Div. 1),"October 25, 2021 06:35:00( IST )",0 days 02:00:00,http://codeforces.com/contests/1601,"Everywhere, Worldwide",Digital Only
Contest,Codeforces Round #751 (Div. 2),"October 25, 2021 06:35:00( IST )",0 days 02:00:00,http://codeforces.com/contests/1602,"Everywhere, Worldwide",Digital Only
Contest,Codeforces Round #752 (Div. 1),"October 30, 2021 14:35:00( IST )",0 days 02:00:00,http://codeforces.com/contests/1603,"Everywhere, Worldwide",Digital Only
Contest,Codeforces Round #752 (Div. 2),"October 30, 2021 14:35:00( IST )",0 days 02:00:00,http://codeforces.com/contests/1604,"Everywhere, Worldwide",Digital Only
Contest,Технокубок 2022 - Ознакомительный Раунд 2,"November 12, 2021 05:05:00( IST )",2 days 00:00:00,http://codeforces.com/contests/1596,"Everywhere, Worldwide",Digital Only
Contest,Codeforces Round #TBA (Div. 2),"November 12, 2021 14:35:00( IST )",0 days 02:00:00,http://codeforces.com/contests/1605,"Everywhere, Worldwide",Digital Only
Contest,"Codeforces Round #TBA (Div. 1, based on Technocup 2022 Elimination Round 2)","November 14, 2021 06:05:00( IST )",0 days 02:00:00,http://codeforces.com/contests/1588,"Everywhere, Worldwide",Digital Only
Contest,"Codeforces Round #TBA (Div. 2, based on Technocup 2022 Elimination Round 2)","November 14, 2021 06:05:00( IST )",0 days 02:00:00,http://codeforces.com/contests/1589,"Everywhere, Worldwide",Digital Only
Contest,Technocup 2022 - Elimination Round 2,"November 14, 2021 06:05:00( IST )",0 days 02:00:00,http://codeforces.com/contests/1584,"Everywhere, Worldwide",Digital Only
Contest,Технокубок 2022 - Ознакомительный Раунд 3,"December 10, 2021 14:05:00( IST )",2 days 00:00:00,http://codeforces.com/contests/1597,"Everywhere, Worldwide",Digital Only
Contest,"Codeforces Round #TBA (Div. 1, based on Technocup 2022 Elimination Round 3)","December 12, 2021 15:05:00( IST )",0 days 02:00:00,http://codeforces.com/contests/1590,"Everywhere, Worldwide",Digital Only
Contest,"Codeforces Round #TBA (Div. 2, based on Technocup 2022 Elimination Round 3)","December 12, 2021 15:05:00( IST )",0 days 02:00:00,http://codeforces.com/contests/1591,"Everywhere, Worldwide",Digital Only
Contest,Technocup 2022 - Elimination Round 3,"December 12, 2021 15:05:00( IST )",0 days 02:00:00,http://codeforces.com/contests/1585,"Everywhere, Worldwide",Digital Only
Contest,Interview Series: Intuit,"October 24, 2021 13:30:00( IST )",0 days 01:00:00,https://practice.geeksforgeeks.org/contest/interview-series-intuit/,"Everywhere, Worldwide",Digital Only
Contest,Error 404: Code Not Found,"October 25, 2021 13:30:00( IST )",0 days 01:30:00,https://practice.geeksforgeeks.org/contest/error-404-code-not-found/,"Everywhere, Worldwide",Digital Only
Contest,Interview Series: Google,"October 31, 2021 13:30:00( IST )",0 days 01:00:00,https://practice.geeksforgeeks.org/contest/interview-series-google2/,"Everywhere, Worldwide",Digital Only
Contest,October Cook-Off 2021,"October 24, 2021 16:00:00( IST )",0 days 02:30:00,https://www.codechef.com/COOK134,"Everywhere, Worldwide",Digital Only
Contest,October Lunchtime 2021,"October 27, 2021 14:00:00( IST )",0 days 03:00:00,https://www.codechef.com/LTIME101,"Everywhere, Worldwide",Digital Only
Contest,SnackDown 2021 - Online Round 1B,"October 29, 2021 15:30:00( IST )",2 days 00:00:00,https://www.codechef.com/SNCK1B21,"Everywhere, Worldwide",Digital Only
Contest,November Challenge 2021 (Rated for Div 3),"November 05, 2021 09:30:00( IST )",10 days 00:00:00,https://www.codechef.com/NOV21,"Everywhere, Worldwide",Digital Only
Contest,November Cook-Off 2021,"November 21, 2021 16:00:00( IST )",0 days 02:30:00,https://www.codechef.com/COOK135,"Everywhere, Worldwide",Digital Only
Contest,November Lunchtime 2021,"November 27, 2021 14:00:00( IST )",0 days 03:00:00,https://www.codechef.com/LTIME102,"Everywhere, Worldwide",Digital Only
Contest,December Challenge 2021,"December 03, 2021 09:30:00( IST )",10 days 00:00:00,https://www.codechef.com/DEC21,"Everywhere, Worldwide",Digital Only
Contest,December Cook-Off 2021,"December 19, 2021 16:00:00( IST )",0 days 02:30:00,https://www.codechef.com/COOK136,"Everywhere, Worldwide",Digital Only
Contest,December Lunchtime 2021,"December 25, 2021 14:00:00( IST )",0 days 03:00:00,https://www.codechef.com/LTIME103,"Everywhere, Worldwide",Digital Only
Contest,Last Mile Hackers - ML Challenge,"October 25, 2021 22:00:00( IST )",14 days 06:55:00,https://www.hackerearth.com/challenges/competitive/tredence-last-mile-hackers/,"Everywhere, Worldwide",Digital Only
Contest,Amazon SDE I & II Hiring Challenge,"October 29, 2021 12:30:00( IST )",16 days 05:55:00,https://www.hackerearth.com/challenges/hiring/amazon-sde-i-ii-hiring-challenge/,"Everywhere, Worldwide",Digital Only
Contest,Clevertap Backend Engineer Hiring Challenge,"October 29, 2021 12:30:00( IST )",16 days 05:55:00,https://www.hackerearth.com/challenges/hiring/clevertap-backend-engineer-hiring-challenge/,"Everywhere, Worldwide",Digital Only
Contest,HealthifyMe Senior Backend Developer Hiring Challenge,"October 29, 2021 12:30:00( IST )",9 days 05:55:00,https://www.hackerearth.com/challenges/hiring/healthifyme-senior-backend-developer-hiring-challenge/,"Everywhere, Worldwide",Digital Only
Contest,Juspay Developer Hiring challenge 2021,"October 29, 2021 12:30:00( IST )",2 days 05:55:00,https://www.hackerearth.com/challenges/hiring/juspay-developer-hiring-challenge-2021/,"Everywhere, Worldwide",Digital Only
Contest,Route Mobile RAPID Hackathon. Prototype Phase. Online,"October 29, 2021 12:30:00( IST )",16 days 05:55:00,https://www.hackerearth.com/challenges/hackathon/routemobile-rapid-hackathon/,"Everywhere, Worldwide",Digital Only
Contest,Tara Capital Quant Developer Hiring Challenge,"October 29, 2021 12:30:00( IST )",9 days 05:55:00,https://www.hackerearth.com/challenges/hiring/tara-capital-quant-developer-hiring-challenge/,"Everywhere, Worldwide",Digital Only
Contest,Tecnotree Java/C++ Developer Hiring Challenge,"October 29, 2021 12:30:00( IST )",23 days 05:55:00,https://www.hackerearth.com/challenges/hiring/tecnotree-java-c-developer-hiring-challenge/,"Everywhere, Worldwide",Digital Only
Contest,Integrated Digital Label Hackathon. Prototype phase. Online,"October 31, 2021 18:30:00( IST )",13 days 16:00:00,https://www.hackerearth.com/challenges/hackathon/bayer-hackathon-2/,"Everywhere, Worldwide",Digital Only
Contest,Prasaga Use Case Ideathon. Idea shortlisting phase. Online,"November 01, 2021 08:00:00( IST )",4 days 23:59:00,https://www.hackerearth.com/challenges/hackathon/prasaga-use-case-ideathon/,"Everywhere, Worldwide",Digital Only
Contest,Impact Analytics Front-End Developer Hiring Challenge,"November 05, 2021 12:30:00( IST )",9 days 05:55:00,https://www.hackerearth.com/challenges/hiring/impact-analytics-front-end-developer-hiring-challenge/,"Everywhere, Worldwide",Digital Only
Contest,Infinx Java Product Engineer Hiring Challenge,"November 05, 2021 12:30:00( IST )",16 days 05:55:00,https://www.hackerearth.com/challenges/hiring/infinx-java-product-engineer-hiring-challenge/,"Everywhere, Worldwide",Digital Only
Contest,Saviynt Java Engineer Hiring Challenge,"November 05, 2021 12:30:00( IST )",9 days 05:55:00,https://www.hackerearth.com/challenges/hiring/saviynt-java-engineer-hiring-challenge/,"Everywhere, Worldwide",Digital Only
Contest,Juspay Hackathon. Prototype Submission Phase. Online,"November 10, 2021 06:30:00( IST )",18 days 11:59:00,https://www.hackerearth.com/challenges/hackathon/juspay/,"Everywhere, Worldwide",Digital Only
Contest,The World After Covid-19. Project Phase. Online,"November 13, 2021 00:00:00( IST )",15 days 23:00:00,https://www.hackerearth.com/challenges/hackathon/kpmgs-fullstack-azure-hiring-challenge/,"Everywhere, Worldwide",Digital Only
Contest,Infinx Data Structure Hiring Challenge,"November 19, 2021 12:30:00( IST )",9 days 05:55:00,https://www.hackerearth.com/challenges/hiring/infinx-data-structure-hiring-challenge/,"Everywhere, Worldwide",Digital Only
Contest,JustAnswer Sr.Software Engineer Challenge,"November 19, 2021 12:30:00( IST )",9 days 05:55:00,https://www.hackerearth.com/challenges/hiring/justanswer-software-engineer-hiring-challenge/,"Everywhere, Worldwide",Digital Only
Contest,I3 – Innovate – Ideate – Implement. Prototype Submission Phase. Online,"November 21, 2021 18:30:00( IST )",20 days 23:59:00,https://www.hackerearth.com/challenges/hackathon/i3-innovate-ideate-implement/,"Everywhere, Worldwide",Digital Only
Contest,Kongsberg Digital Hiring Challenge,"November 26, 2021 12:30:00( IST )",9 days 05:55:00,https://www.hackerearth.com/challenges/hiring/kongsberg-digital-hiring-challenge/,"Everywhere, Worldwide",Digital Only
Contest,Bsides Jeddah 2021,"October 27, 2021 08:00:00( IST )",1 days 00:00:00,https://ctftime.org/event/1468/,"Everywhere, Worldwide",Digital Only
Contest,Killer Queen CTF 2021,"October 29, 2021 14:00:00( IST )",2 days 10:00:00,https://ctftime.org/event/1482/,"Everywhere, Worldwide",Digital Only
Contest,Hack.lu CTF 2021,"October 29, 2021 18:00:00( IST )",2 days 00:00:00,https://ctftime.org/event/1452/,"Everywhere, Worldwide",Digital Only
Contest,Bambi CTF #6,"October 30, 2021 10:00:00( IST )",0 days 06:00:00,https://ctftime.org/event/1406/,"Everywhere, Worldwide",Digital Only
Contest,UUTCTF 2021,"October 31, 2021 13:00:00( IST )",1 days 00:00:00,https://ctftime.org/event/1471/,"Everywhere, Worldwide",Digital Only
Contest,BSides Ahmedabad CTF 2021,"November 06, 2021 03:00:00( IST )",1 days 00:00:00,https://ctftime.org/event/1466/,"Everywhere, Worldwide",Digital Only
Contest,Winja CTF | c0c0n 2021,"November 12, 2021 16:30:00( IST )",0 days 14:00:00,https://ctftime.org/event/1477/,"Everywhere, Worldwide",Digital Only
Contest,K3RN3LCTF,"November 12, 2021 17:00:00( IST )",1 days 11:59:59,https://ctftime.org/event/1438/,"Everywhere, Worldwide",Digital Only
Contest,HK Cyber Security New Generation CTF Challenge 2021,"November 12, 2021 18:00:00( IST )",2 days 00:00:00,https://ctftime.org/event/1432/,"Everywhere, Worldwide",Digital Only
Contest,CSAW CTF Final Round 2021,"November 12, 2021 19:00:00( IST )",1 days 19:00:00,https://ctftime.org/event/1316/,"Everywhere, Worldwide",Digital Only
Contest,Intent CTF 2021,"November 13, 2021 16:00:00( IST )",2 days 00:00:00,https://ctftime.org/event/1454/,"Everywhere, Worldwide",Digital Only
Contest,SPbCTF's Student CTF 2021 Finals,"November 14, 2021 09:00:00( IST )",0 days 09:00:00,https://ctftime.org/event/1379/,"Everywhere, Worldwide",Digital Only
Contest,Balsn CTF 2021,"November 20, 2021 02:00:00( IST )",2 days 00:00:00,https://ctftime.org/event/1376/,"Everywhere, Worldwide",Digital Only
Contest,CTF Russian Cup 2021,"November 20, 2021 09:00:00( IST )",1 days 00:00:00,https://ctftime.org/event/1479/,"Everywhere, Worldwide",Digital Only
Contest,LLM CTF,"November 23, 2021 19:00:00( IST )",4 days 00:00:00,https://ctftime.org/event/1478/,"Everywhere, Worldwide",Digital Only
Contest,Damncon 2021,"November 24, 2021 12:00:00( IST )",1 days 00:00:00,https://ctftime.org/event/1481/,"Everywhere, Worldwide",Digital Only
Contest,Securebug.se CTF Freya 2021,"November 26, 2021 14:00:00( IST )",2 days 00:00:00,https://ctftime.org/event/1448/,"Everywhere, Worldwide",Digital Only
Contest,CyberSecurityRumble CTF,"November 26, 2021 20:00:00( IST )",2 days 00:00:00,https://ctftime.org/event/1429/,"Everywhere, Worldwide",Digital Only
Contest,ISITDTU CTF 2021 Quals,"November 27, 2021 00:00:00( IST )",1 days 00:00:00,https://ctftime.org/event/1464/,"Everywhere, Worldwide",Digital Only
Contest,Dragon CTF 2021,"November 27, 2021 12:00:00( IST )",1 days 00:00:00,https://ctftime.org/event/1457/,"Everywhere, Worldwide",Digital Only
Contest,m0leCon CTF 2021,"December 02, 2021 20:00:00( IST )",1 days 00:00:00,https://ctftime.org/event/1456/,"Everywhere, Worldwide",Digital Only
Contest,MetaCTF CyberGames 2021,"December 03, 2021 20:00:00( IST )",2 days 00:00:00,https://ctftime.org/event/1476/,"Everywhere, Worldwide",Digital Only
Contest,HITCON CTF 2021,"December 04, 2021 02:00:00( IST )",1 days 12:00:00,https://ctftime.org/event/1460/,"Everywhere, Worldwide",Digital Only
Contest,VULNCON CTF 2021,"December 04, 2021 10:30:00( IST )",1 days 00:00:00,https://ctftime.org/event/1469/,"Everywhere, Worldwide",Digital Only
Contest,STAY ~/ CTF 2021,"December 05, 2021 10:00:00( IST )",0 days 08:00:00,https://ctftime.org/event/1463/,"Everywhere, Worldwide",Digital Only
Contest,NITECTF,"December 10, 2021 12:00:00( IST )",2 days 00:00:00,https://ctftime.org/event/1449/,"Everywhere, Worldwide",Digital Only
Contest,SECCON CTF 2021,"December 11, 2021 05:00:00( IST )",1 days 00:00:00,https://ctftime.org/event/1458/,"Everywhere, Worldwide",Digital Only
Contest,Hack-A-Sat 2 Finals,"December 11, 2021 18:00:00( IST )",1 days 00:00:00,https://ctftime.org/event/1433/,"Everywhere, Worldwide",Digital Only
Contest,hxp CTF 2021,"December 17, 2021 15:00:00( IST )",2 days 00:00:00,https://ctftime.org/event/1447/,"Everywhere, Worldwide",Digital Only
Contest,ASIS CTF Finals 2021,"December 24, 2021 15:00:00( IST )",2 days 00:00:00,https://ctftime.org/event/1416/,"Everywhere, Worldwide",Digital Only
Contest,LINE CTF 2022,"March 26, 2022 00:00:00( IST )",1 days 00:00:00,https://ctftime.org/event/1472/,"Everywhere, Worldwide",Digital Only
Contest,Midnight Sun CTF 2022 Quals,"April 02, 2022 10:00:00( IST )",1 days 00:00:00,https://ctftime.org/event/1474/,"Everywhere, Worldwide",Digital Only
Contest,Midnight Sun CTF 2022 Finals,"June 18, 2022 10:00:00( IST )",1 days 00:00:00,https://ctftime.org/event/1475/,"Everywhere, Worldwide",Digital Only
Contest,TOKI Regular Open Contest #23,"October 27, 2021 13:05:00( IST )",0 days 02:00:00,https://tlx.toki.id/contests/troc-23,"Everywhere, Worldwide",Digital Only
Contest,SAC '22 Code Challenge 1,"October 29, 2021 04:00:00( IST )",3 days 00:00:00,https://dmoj.ca/contest/sac22cc1,"Everywhere, Worldwide",Digital Only
Contest,"CRACK JACK YOUR HEAD BY APP DEVELOPMENT CLUB, AMITY UNIVERSITY, CHHATTISGARH","October 29, 2021 09:30:00( IST )",0 days 01:30:00,https://mycode.prepbytes.com/contest/CRACKJACKYOURHEAD,"Everywhere, Worldwide",Digital Only
Contest,October 2021 Prime Time Coding Challenge - Competitive Programming. Rated,"October 29, 2021 16:00:00( IST )",0 days 02:30:00,https://mycode.prepbytes.com/contest/PRIMETIMEOCT21,"Everywhere, Worldwide",Digital Only
Contest,ENCRYPT: UNWIND THE CODE BY AIESEC,"October 31, 2021 09:30:00( IST )",0 days 01:30:00,https://mycode.prepbytes.com/contest/ENCRYPTAIESEC,"Everywhere, Worldwide",Digital Only
Contest,November 2021 Coding Marathon - 10 Days Competitive coding challenge. Rated,"November 12, 2021 18:30:00( IST )",10 days 00:00:00,https://mycode.prepbytes.com/contest/MARATHONNOV21,"Everywhere, Worldwide",Digital Only
Contest,November 2021 Prime Time Coding Challenge - Competitive Programming. Rated,"November 26, 2021 16:00:00( IST )",0 days 02:30:00,https://mycode.prepbytes.com/contest/PRIMETIMENOV21,"Everywhere, Worldwide",Digital Only
Contest,yukicoder contest 320 (Stray Bullet),"October 29, 2021 12:20:00( IST )",0 days 02:00:00,https://yukicoder.me/contests/352,"Everywhere, Worldwide",Digital Only
Contest,yukicoder contest （オムニバス）,"November 05, 2021 12:20:00( IST )",0 days 02:00:00,https://yukicoder.me/contests/356,"Everywhere, Worldwide",Digital Only
Contest,yukicoder contest,"November 12, 2021 12:20:00( IST )",0 days 02:00:00,https://yukicoder.me/contests/359,"Everywhere, Worldwide",Digital Only
Contest,yukicoder contest,"November 13, 2021 04:00:00( IST )",0 days 05:00:00,https://yukicoder.me/contests/357,"Everywhere, Worldwide",Digital Only
Contest,yukicoder contest （オムニバス 問題募集中）,"November 19, 2021 12:20:00( IST )",0 days 02:00:00,https://yukicoder.me/contests/358,"Everywhere, Worldwide",Digital Only
Contest,Interview Practice Round #23,"October 29, 2021 15:30:00( IST )",0 days 01:00:00,https://codedrills.io/contests/interview-practice-round-23,"Everywhere, Worldwide",Digital Only
Contest,Newton's coding challenge October 2021,"October 29, 2021 15:30:00( IST )",0 days 02:30:00,https://my.newtonschool.co/course/2uiwwtn3r9bs/assignment/ts01p22f3vkq/dashboard/,"Everywhere, Worldwide",Digital Only
Contest,Newton's Grand Contest 2022,"January 31, 2022 15:30:00( IST )",0 days 02:30:00,https://my.newtonschool.co/course/jtrr9p6u9dat/assignment/rkp1ithkwgfx/dashboard/,"Everywhere, Worldwide",Digital Only
Contest,National Girls' Programming Contest 2021,"October 30, 2021 04:00:00( IST )",0 days 05:00:00,https://toph.co/c/ngpc-2021,"Everywhere, Worldwide",Digital Only
Contest,Criterion 2021 Round 14,"November 26, 2021 13:00:00( IST )",0 days 02:30:00,https://toph.co/c/criterion-2021-round-14,"Everywhere, Worldwide",Digital Only
Contest,Criterion 2021 Round 15,"December 17, 2021 13:00:00( IST )",0 days 02:30:00,https://toph.co/c/criterion-2021-round-15,"Everywhere, Worldwide",Digital Only
Contest,UNICORN Programming Contest 2021(AtCoder Beginner Contest 225),"October 30, 2021 12:00:00( IST )",0 days 01:40:00,https://atcoder.jp/contests/abc225,"Everywhere, Worldwide",Digital Only
Contest,京都大学プログラミングコンテスト 2021,"October 31, 2021 04:00:00( IST )",0 days 05:00:00,https://atcoder.jp/contests/kupc2021,"Everywhere, Worldwide",Digital Only
Contest,AtCoder Grand Contest 055,"October 31, 2021 12:00:00( IST )",0 days 02:30:00,https://atcoder.jp/contests/agc055,"Everywhere, Worldwide",Digital Only
Contest,Hitachi Hokudai Lab. & Hokkaido University Contest 2021,"November 04, 2021 15:00:00( IST )",87 days 23:59:00,https://atcoder.jp/contests/hokudai-hitachi2021,"Everywhere, Worldwide",Digital Only
Contest,AtCoder Beginner Contest 226,"November 07, 2021 12:00:00( IST )",0 days 01:40:00,https://atcoder.jp/contests/abc226,"Everywhere, Worldwide",Digital Only
Contest,KEYENCE Programming Contest 2021 (AtCoder Beginner Contest 227),"November 13, 2021 12:00:00( IST )",0 days 01:40:00,https://atcoder.jp/contests/abc227,"Everywhere, Worldwide",Digital Only
Contest,Kyocera Programming Contest（AtCoder Heuristic Contest 006）,"November 14, 2021 07:00:00( IST )",0 days 04:00:00,https://atcoder.jp/contests/ahc006,"Everywhere, Worldwide",Digital Only
Contest,AtCoder Regular Contest 129,"November 14, 2021 12:00:00( IST )",0 days 02:00:00,https://atcoder.jp/contests/arc129,"Everywhere, Worldwide",Digital Only
Contest,TOYOTA SYSTEMS Programming Contest 2021(AtCoder Beginner Contest 228),"November 20, 2021 12:00:00( IST )",0 days 01:40:00,https://atcoder.jp/contests/abc228,"Everywhere, Worldwide",Digital Only
Contest,Заочный длинный этап. XVI Открытая олимпиада школьников по программированию,"October 31, 2021 21:00:00( IST )",84 days 00:00:00,https://olympiads.ru/zaoch/,"Everywhere, Worldwide",Digital Only
Contest,Cloudflight Coding Contest 2021,"November 05, 2021 00:00:00( IST )",1 days 00:00:00,https://register.codingcontest.org/,"Everywhere, Worldwide",Digital Only
Contest,SRM 818,"November 05, 2021 16:00:00( IST )",0 days 02:00:00,https://topcoder.com/community/events/,"Everywhere, Worldwide",Digital Only
Contest,ROOKIE SRM 7,"November 26, 2021 17:00:00( IST )",0 days 02:00:00,https://topcoder.com/community/events/,"Everywhere, Worldwide",Digital Only
Contest,SRM 819,"December 03, 2021 17:00:00( IST )",0 days 02:00:00,https://topcoder.com/community/events/,"Everywhere, Worldwide",Digital Only
Contest,Marathon Match 131,"December 15, 2021 18:00:00( IST )",7 days 00:00:00,https://topcoder.com/community/events/,"Everywhere, Worldwide",Digital Only
Contest,ROOKIE SRM 8,"December 17, 2021 17:00:00( IST )",0 days 02:00:00,https://topcoder.com/community/events/,"Everywhere, Worldwide",Digital Only
Contest,ROOKIE SRM 820,"December 28, 2021 16:00:00( IST )",0 days 02:00:00,https://topcoder.com/community/events/,"Everywhere, Worldwide",Digital Only
Contest,TCO22 Algorithm Round 1A,"April 16, 2022 16:00:00( IST )",0 days 02:00:00,https://topcoder.com/community/events/,"Everywhere, Worldwide",Digital Only
Contest,TCO22 Algorithm Round 1B,"April 27, 2022 11:00:00( IST )",0 days 02:00:00,https://topcoder.com/community/events/,"Everywhere, Worldwide",Digital Only
Contest,TCO22 Algorithm Round 2A,"May 21, 2022 16:00:00( IST )",0 days 02:00:00,https://topcoder.com/community/events/,"Everywhere, Worldwide",Digital Only
Contest,TCO22 Algorithm Round 2B,"June 01, 2022 11:00:00( IST )",0 days 02:00:00,https://topcoder.com/community/events/,"Everywhere, Worldwide",Digital Only
Contest,TCO22 Algorithm Round 3,"July 07, 2022 11:00:00( IST )",0 days 02:00:00,https://topcoder.com/community/events/,"Everywhere, Worldwide",Digital Only
Contest,TCO22 Algorithm Round 4,"July 30, 2022 16:00:00( IST )",0 days 02:00:00,https://topcoder.com/community/events/,"Everywhere, Worldwide",Digital Only
Contest,Интернет-олимпиада,"November 07, 2021 10:00:00( IST )",0 days 05:00:00,https://neerc.ifmo.ru/school/io/,"Everywhere, Worldwide",Digital Only
Contest,Интернет-олимпиада (по задачам интернет-отбора),"November 15, 2021 13:00:00( IST )",0 days 05:00:00,https://neerc.ifmo.ru/school/io/,"Everywhere, Worldwide",Digital Only
Contest,Интернет-олимпиада,"November 27, 2021 13:00:00( IST )",0 days 05:00:00,https://neerc.ifmo.ru/school/io/,"Everywhere, Worldwide",Digital Only
Contest,Интернет-олимпиада,"December 05, 2021 10:00:00( IST )",0 days 05:00:00,https://neerc.ifmo.ru/school/io/,"Everywhere, Worldwide",Digital Only
Contest,CONTEST #2,"November 13, 2021 14:00:00( IST )",0 days 03:00:00,https://hsin.hr/coci/,"Everywhere, Worldwide",Digital Only
Contest,CONTEST #3,"December 11, 2021 14:00:00( IST )",0 days 03:00:00,https://hsin.hr/coci/,"Everywhere, Worldwide",Digital Only
Contest,CONTEST #4,"January 29, 2022 14:00:00( IST )",0 days 03:00:00,https://hsin.hr/coci/,"Everywhere, Worldwide",Digital Only
Contest,CONTEST #5,"March 05, 2022 14:00:00( IST )",0 days 03:00:00,https://hsin.hr/coci/,"Everywhere, Worldwide",Digital Only
Contest,CONTEST #6,"April 09, 2022 14:00:00( IST )",0 days 03:00:00,https://hsin.hr/coci/,"Everywhere, Worldwide",Digital Only
Contest,Kick Start Registration Closes,"November 14, 2021 00:00:00( IST )",1 days 00:00:00,https://codingcompetitions.withgoogle.com/,"Everywhere, Worldwide",Digital Only
Contest,Kick Start Round H,"November 14, 2021 03:00:00( IST )",0 days 03:00:00,https://codingcompetitions.withgoogle.com/kickstart/round/0000000000435914,"Everywhere, Worldwide",Digital Only
Contest,"testestestestesttest [private, icpc, team]","November 29, 2021 13:00:00( IST )",1 days 00:00:00,https://lightoj.com/contest/testtesttest,"Everywhere, Worldwide",Digital Only
